﻿<?xml version="1.0" encoding="utf-8"?>
<ImportExportXml version="9.1.0.10535" SolutionPackageVersion="9.1" languagecode="1033" generatedBy="CrmLive" xmlns:xsi="http://www.w3.org/2001/XMLSchema-instance">
  <SolutionManifest>
    <UniqueName>swyft_release_1_0_0_casemngt</UniqueName>
    <LocalizedNames>
      <LocalizedName description="Release 1.1: Case Management" languagecode="1033" />
    </LocalizedNames>
    <Descriptions>
      <Description description="This solution contains the minimum set of elements required to deploy the changes to upstream environments.&#xA;Where possible 'segmented solutions' should be used to ensure only a delta is deployed." languagecode="1033" />
    </Descriptions>
    <Version>1.0.0</Version>
    <Managed>0</Managed>
    <Publisher>
      <UniqueName>swyft</UniqueName>
      <LocalizedNames>
        <LocalizedName description="Swyft" languagecode="1033" />
      </LocalizedNames>
      <Descriptions />
      <EMailAddress xsi:nil="true"></EMailAddress>
      <SupportingWebsiteUrl xsi:nil="true"></SupportingWebsiteUrl>
      <CustomizationPrefix>swf</CustomizationPrefix>
      <CustomizationOptionValuePrefix>11702</CustomizationOptionValuePrefix>
      <Addresses>
        <Address>
          <AddressNumber>1</AddressNumber>
          <AddressTypeCode>1</AddressTypeCode>
          <City xsi:nil="true"></City>
          <County xsi:nil="true"></County>
          <Country xsi:nil="true"></Country>
          <Fax xsi:nil="true"></Fax>
          <FreightTermsCode xsi:nil="true"></FreightTermsCode>
          <ImportSequenceNumber xsi:nil="true"></ImportSequenceNumber>
          <Latitude xsi:nil="true"></Latitude>
          <Line1 xsi:nil="true"></Line1>
          <Line2 xsi:nil="true"></Line2>
          <Line3 xsi:nil="true"></Line3>
          <Longitude xsi:nil="true"></Longitude>
          <Name xsi:nil="true"></Name>
          <PostalCode xsi:nil="true"></PostalCode>
          <PostOfficeBox xsi:nil="true"></PostOfficeBox>
          <PrimaryContactName xsi:nil="true"></PrimaryContactName>
          <ShippingMethodCode>1</ShippingMethodCode>
          <StateOrProvince xsi:nil="true"></StateOrProvince>
          <Telephone1 xsi:nil="true"></Telephone1>
          <Telephone2 xsi:nil="true"></Telephone2>
          <Telephone3 xsi:nil="true"></Telephone3>
          <TimeZoneRuleVersionNumber xsi:nil="true"></TimeZoneRuleVersionNumber>
          <UPSZone xsi:nil="true"></UPSZone>
          <UTCOffset xsi:nil="true"></UTCOffset>
          <UTCConversionTimeZoneCode xsi:nil="true"></UTCConversionTimeZoneCode>
        </Address>
        <Address>
          <AddressNumber>2</AddressNumber>
          <AddressTypeCode>1</AddressTypeCode>
          <City xsi:nil="true"></City>
          <County xsi:nil="true"></County>
          <Country xsi:nil="true"></Country>
          <Fax xsi:nil="true"></Fax>
          <FreightTermsCode xsi:nil="true"></FreightTermsCode>
          <ImportSequenceNumber xsi:nil="true"></ImportSequenceNumber>
          <Latitude xsi:nil="true"></Latitude>
          <Line1 xsi:nil="true"></Line1>
          <Line2 xsi:nil="true"></Line2>
          <Line3 xsi:nil="true"></Line3>
          <Longitude xsi:nil="true"></Longitude>
          <Name xsi:nil="true"></Name>
          <PostalCode xsi:nil="true"></PostalCode>
          <PostOfficeBox xsi:nil="true"></PostOfficeBox>
          <PrimaryContactName xsi:nil="true"></PrimaryContactName>
          <ShippingMethodCode>1</ShippingMethodCode>
          <StateOrProvince xsi:nil="true"></StateOrProvince>
          <Telephone1 xsi:nil="true"></Telephone1>
          <Telephone2 xsi:nil="true"></Telephone2>
          <Telephone3 xsi:nil="true"></Telephone3>
          <TimeZoneRuleVersionNumber xsi:nil="true"></TimeZoneRuleVersionNumber>
          <UPSZone xsi:nil="true"></UPSZone>
          <UTCOffset xsi:nil="true"></UTCOffset>
          <UTCConversionTimeZoneCode xsi:nil="true"></UTCConversionTimeZoneCode>
        </Address>
      </Addresses>
    </Publisher>
    <RootComponents>
      <RootComponent type="1" schemaName="sp_projectcoordination" behavior="2" />
      <RootComponent type="1" schemaName="sp_swyftopportunity" behavior="2" />
      <RootComponent type="1" schemaName="swf_case" behavior="0" />
      <RootComponent type="60" id="{7e73883d-a184-4a9a-b6e9-056f9d126349}" behavior="0" />
      <RootComponent type="60" id="{b4b4c954-a3d4-4b5e-b6a3-4980fbe2690d}" behavior="0" />
      <RootComponent type="60" id="{c7695665-249d-41ae-9984-ecfa7c096039}" />
      <RootComponent type="61" schemaName="swf_/icons/briefcase.svg" behavior="0" />
    </RootComponents>
    <MissingDependencies>
      <MissingDependency>
        <Required key="0" type="1" schemaName="sp_projectcoordination" displayName="Project Co-Ordination" solution="Active" />
        <Dependent key="0" type="1" schemaName="sp_projectcoordination" displayName="Project Co-Ordination" />
      </MissingDependency>
      <MissingDependency>
        <Required key="1" type="1" schemaName="sp_swyftopportunity" displayName="Swyft Opportunity" solution="Active" />
        <Dependent key="1" type="1" schemaName="sp_swyftopportunity" displayName="Swyft Opportunity" />
      </MissingDependency>
      <MissingDependency>
        <Required key="2" type="2" schemaName="sp_berdate" displayName="BER Date &amp; Time" parentSchemaName="sp_projectcoordination" parentDisplayName="Project Co-Ordination" solution="Active" />
        <Dependent key="3" type="60" displayName="QF - Case Management" parentDisplayName="Project Co-Ordination" id="{c7695665-249d-41ae-9984-ecfa7c096039}" />
      </MissingDependency>
      <MissingDependency>
        <Required key="4" type="2" schemaName="sp_contactdetails" displayName="Which contact the quote will be sent to" parentSchemaName="sp_projectcoordination" parentDisplayName="Project Co-Ordination" solution="Active" />
        <Dependent key="3" type="60" displayName="QF - Case Management" parentDisplayName="Project Co-Ordination" id="{c7695665-249d-41ae-9984-ecfa7c096039}" />
      </MissingDependency>
      <MissingDependency>
        <Required key="5" type="2" schemaName="sp_projectcoordinationid" displayName="Project Co-Ordination" parentSchemaName="sp_projectcoordination" parentDisplayName="Project Co-Ordination" solution="Active" />
        <Dependent key="6" type="10" schemaName="swf_projectcoordination_swf_case" displayName="swf_projectcoordination_swf_case" parentSchemaName="sp_projectcoordination" parentDisplayName="Project Co-Ordination" />
      </MissingDependency>
      <MissingDependency>
        <Required key="7" type="2" schemaName="sp_name" displayName="Swyft ID" parentSchemaName="sp_swyftopportunity" parentDisplayName="Swyft Opportunity" solution="Active" />
        <Dependent key="8" type="10" schemaName="swf_swyftopportunity_swf_case" displayName="swf_swyftopportunity_swf_case" parentSchemaName="sp_swyftopportunity" parentDisplayName="Swyft Opportunity" />
      </MissingDependency>
      <MissingDependency>
        <Required key="9" type="2" schemaName="sp_swyftopportunityid" displayName="Swyft Opportunity" parentSchemaName="sp_swyftopportunity" parentDisplayName="Swyft Opportunity" solution="Active" />
        <Dependent key="8" type="10" schemaName="swf_swyftopportunity_swf_case" displayName="swf_swyftopportunity_swf_case" parentSchemaName="sp_swyftopportunity" parentDisplayName="Swyft Opportunity" />
      </MissingDependency>
      <MissingDependency>
        <Required key="10" type="2" schemaName="sp_name" displayName="Swyft ID" parentSchemaName="sp_projectcoordination" parentDisplayName="Project Co-Ordination" solution="Active" />
        <Dependent key="6" type="10" schemaName="swf_projectcoordination_swf_case" displayName="swf_projectcoordination_swf_case" parentSchemaName="sp_projectcoordination" parentDisplayName="Project Co-Ordination" />
      </MissingDependency>
      <MissingDependency>
        <Required key="11" type="2" schemaName="sp_installationdate" displayName="Installation Date &amp; Time" parentSchemaName="sp_projectcoordination" parentDisplayName="Project Co-Ordination" solution="Active" />
        <Dependent key="12" type="2" schemaName="swf_dayssinceinstall" displayName="Days from install date to case creation" parentSchemaName="swf_case" parentDisplayName="Swyft Case" />
      </MissingDependency>
      <MissingDependency>
        <Required key="5" type="2" schemaName="sp_projectcoordinationid" displayName="Project Co-Ordination" parentSchemaName="sp_projectcoordination" parentDisplayName="Project Co-Ordination" solution="Active" />
        <Dependent key="12" type="2" schemaName="swf_dayssinceinstall" displayName="Days from install date to case creation" parentSchemaName="swf_case" parentDisplayName="Swyft Case" />
      </MissingDependency>
      <MissingDependency>
        <Required key="13" type="2" schemaName="ownerid" displayName="Owner" parentSchemaName="sp_swyftopportunity" parentDisplayName="Swyft Opportunity" solution="Active" />
        <Dependent key="14" type="60" displayName="QF - Case Management" parentDisplayName="Swyft Opportunity" id="{7e73883d-a184-4a9a-b6e9-056f9d126349}" />
      </MissingDependency>
      <MissingDependency>
        <Required key="15" type="2" schemaName="sp_deliveringtheordertotheproperty" displayName="Home Access Provider" parentSchemaName="sp_swyftopportunity" parentDisplayName="Swyft Opportunity" solution="Active" />
        <Dependent key="14" type="60" displayName="QF - Case Management" parentDisplayName="Swyft Opportunity" id="{7e73883d-a184-4a9a-b6e9-056f9d126349}" />
      </MissingDependency>
      <MissingDependency>
        <Required key="16" type="2" schemaName="sp_assessmentdate" displayName="Assessment Date &amp; Time" parentSchemaName="sp_swyftopportunity" parentDisplayName="Swyft Opportunity" solution="Active" />
        <Dependent key="14" type="60" displayName="QF - Case Management" parentDisplayName="Swyft Opportunity" id="{7e73883d-a184-4a9a-b6e9-056f9d126349}" />
      </MissingDependency>
      <MissingDependency>
        <Required key="17" type="2" schemaName="sp_customercontact" displayName="Customer Contact" parentSchemaName="sp_swyftopportunity" parentDisplayName="Swyft Opportunity" solution="Active" />
        <Dependent key="14" type="60" displayName="QF - Case Management" parentDisplayName="Swyft Opportunity" id="{7e73883d-a184-4a9a-b6e9-056f9d126349}" />
      </MissingDependency>
      <MissingDependency>
        <Required key="18" type="2" schemaName="sp_assessmenturl" displayName="Assessment Url" parentSchemaName="sp_swyftopportunity" parentDisplayName="Swyft Opportunity" solution="Active" />
        <Dependent key="14" type="60" displayName="QF - Case Management" parentDisplayName="Swyft Opportunity" id="{7e73883d-a184-4a9a-b6e9-056f9d126349}" />
      </MissingDependency>
      <MissingDependency>
        <Required key="19" type="2" schemaName="sp_assessor" displayName="Assessor Name" parentSchemaName="sp_swyftopportunity" parentDisplayName="Swyft Opportunity" solution="Active" />
        <Dependent key="14" type="60" displayName="QF - Case Management" parentDisplayName="Swyft Opportunity" id="{7e73883d-a184-4a9a-b6e9-056f9d126349}" />
      </MissingDependency>
      <MissingDependency>
        <Required key="20" type="2" schemaName="swf_electricalinstalldate" displayName="Electrical Install Date" parentSchemaName="sp_projectcoordination" parentDisplayName="Project Co-Ordination" solution="Active" />
        <Dependent key="3" type="60" displayName="QF - Case Management" parentDisplayName="Project Co-Ordination" id="{c7695665-249d-41ae-9984-ecfa7c096039}" />
      </MissingDependency>
      <MissingDependency>
        <Required key="21" type="2" schemaName="sp_assessmenturl" displayName="Assessment Url" parentSchemaName="sp_projectcoordination" parentDisplayName="Project Co-Ordination" solution="Active" />
        <Dependent key="3" type="60" displayName="QF - Case Management" parentDisplayName="Project Co-Ordination" id="{c7695665-249d-41ae-9984-ecfa7c096039}" />
      </MissingDependency>
      <MissingDependency>
        <Required key="22" type="2" schemaName="sp_customercontact" displayName="Customer Contact" parentSchemaName="sp_projectcoordination" parentDisplayName="Project Co-Ordination" solution="Active" />
        <Dependent key="3" type="60" displayName="QF - Case Management" parentDisplayName="Project Co-Ordination" id="{c7695665-249d-41ae-9984-ecfa7c096039}" />
      </MissingDependency>
      <MissingDependency>
        <Required key="23" type="2" schemaName="sp_installer" displayName="Installer" parentSchemaName="sp_projectcoordination" parentDisplayName="Project Co-Ordination" solution="Active" />
        <Dependent key="3" type="60" displayName="QF - Case Management" parentDisplayName="Project Co-Ordination" id="{c7695665-249d-41ae-9984-ecfa7c096039}" />
      </MissingDependency>
      <MissingDependency>
        <Required key="24" type="2" schemaName="sp_opportunitytype" displayName="Opportunity Type" parentSchemaName="sp_swyftopportunity" parentDisplayName="Swyft Opportunity" solution="Active" />
        <Dependent key="14" type="60" displayName="QF - Case Management" parentDisplayName="Swyft Opportunity" id="{7e73883d-a184-4a9a-b6e9-056f9d126349}" />
      </MissingDependency>
      <MissingDependency>
        <Required key="25" type="2" schemaName="sp_contactdetails" displayName="Which contact the quote will be sent to" parentSchemaName="sp_swyftopportunity" parentDisplayName="Swyft Opportunity" solution="Active" />
        <Dependent key="14" type="60" displayName="QF - Case Management" parentDisplayName="Swyft Opportunity" id="{7e73883d-a184-4a9a-b6e9-056f9d126349}" />
      </MissingDependency>
      <MissingDependency>
        <Required key="26" type="2" schemaName="sp_electrician" displayName="Electrician" parentSchemaName="sp_projectcoordination" parentDisplayName="Project Co-Ordination" solution="Active" />
        <Dependent key="3" type="60" displayName="QF - Case Management" parentDisplayName="Project Co-Ordination" id="{c7695665-249d-41ae-9984-ecfa7c096039}" />
      </MissingDependency>
      <MissingDependency>
        <Required key="27" type="2" schemaName="sp_deliveringtheordertotheproperty" displayName="Home Access Provider" parentSchemaName="sp_projectcoordination" parentDisplayName="Project Co-Ordination" solution="Active" />
        <Dependent key="3" type="60" displayName="QF - Case Management" parentDisplayName="Project Co-Ordination" id="{c7695665-249d-41ae-9984-ecfa7c096039}" />
      </MissingDependency>
      <MissingDependency>
        <Required key="28" type="2" schemaName="ownerid" displayName="Owner" parentSchemaName="sp_projectcoordination" parentDisplayName="Project Co-Ordination" solution="Active" />
        <Dependent key="3" type="60" displayName="QF - Case Management" parentDisplayName="Project Co-Ordination" id="{c7695665-249d-41ae-9984-ecfa7c096039}" />
      </MissingDependency>
      <MissingDependency>
        <Required key="29" type="2" schemaName="sp_assessmentdate" displayName="Assessment Date &amp; Time" parentSchemaName="sp_projectcoordination" parentDisplayName="Project Co-Ordination" solution="Active" />
        <Dependent key="3" type="60" displayName="QF - Case Management" parentDisplayName="Project Co-Ordination" id="{c7695665-249d-41ae-9984-ecfa7c096039}" />
      </MissingDependency>
      <MissingDependency>
        <Required key="30" type="2" schemaName="swf_installurl" displayName="Install URL" parentSchemaName="sp_projectcoordination" parentDisplayName="Project Co-Ordination" solution="Active" />
        <Dependent key="3" type="60" displayName="QF - Case Management" parentDisplayName="Project Co-Ordination" id="{c7695665-249d-41ae-9984-ecfa7c096039}" />
      </MissingDependency>
      <MissingDependency>
        <Required key="31" type="2" schemaName="sp_assessor" displayName="Assessor Name" parentSchemaName="sp_projectcoordination" parentDisplayName="Project Co-Ordination" solution="Active" />
        <Dependent key="3" type="60" displayName="QF - Case Management" parentDisplayName="Project Co-Ordination" id="{c7695665-249d-41ae-9984-ecfa7c096039}" />
      </MissingDependency>
      <MissingDependency>
        <Required key="32" type="2" schemaName="sp_bername" displayName="BER Name" parentSchemaName="sp_projectcoordination" parentDisplayName="Project Co-Ordination" solution="Active" />
        <Dependent key="3" type="60" displayName="QF - Case Management" parentDisplayName="Project Co-Ordination" id="{c7695665-249d-41ae-9984-ecfa7c096039}" />
      </MissingDependency>
      <MissingDependency>
        <Required key="33" type="2" schemaName="swf_berurl" displayName="BER URL" parentSchemaName="sp_projectcoordination" parentDisplayName="Project Co-Ordination" solution="Active" />
        <Dependent key="3" type="60" displayName="QF - Case Management" parentDisplayName="Project Co-Ordination" id="{c7695665-249d-41ae-9984-ecfa7c096039}" />
      </MissingDependency>
      <MissingDependency>
        <Required key="34" type="2" schemaName="swf_electricalinstallurl" displayName="Electrical Install URL" parentSchemaName="sp_projectcoordination" parentDisplayName="Project Co-Ordination" solution="Active" />
        <Dependent key="3" type="60" displayName="QF - Case Management" parentDisplayName="Project Co-Ordination" id="{c7695665-249d-41ae-9984-ecfa7c096039}" />
      </MissingDependency>
      <MissingDependency>
        <Required key="11" type="2" schemaName="sp_installationdate" displayName="Installation Date &amp; Time" parentSchemaName="sp_projectcoordination" parentDisplayName="Project Co-Ordination" solution="Active" />
        <Dependent key="3" type="60" displayName="QF - Case Management" parentDisplayName="Project Co-Ordination" id="{c7695665-249d-41ae-9984-ecfa7c096039}" />
      </MissingDependency>
      <MissingDependency>
        <Required key="35" type="10" schemaName="sp_account_sp_projectcoordination_Electrician" displayName="sp_account_sp_projectcoordination_Electrician" parentSchemaName="account" parentDisplayName="Account" solution="Active" />
        <Dependent key="3" type="60" displayName="QF - Case Management" parentDisplayName="Project Co-Ordination" id="{c7695665-249d-41ae-9984-ecfa7c096039}" />
      </MissingDependency>
      <MissingDependency>
        <Required key="36" type="10" schemaName="sp_account_sp_projectcoordination_Installer" displayName="sp_account_sp_projectcoordination_Installer" parentSchemaName="account" parentDisplayName="Account" solution="Active" />
        <Dependent key="3" type="60" displayName="QF - Case Management" parentDisplayName="Project Co-Ordination" id="{c7695665-249d-41ae-9984-ecfa7c096039}" />
      </MissingDependency>
      <MissingDependency>
        <Required key="37" type="10" schemaName="sp_contact_sp_swyftopportunity_CustomerContact" displayName="sp_contact_sp_swyftopportunity_CustomerContact" parentSchemaName="sp_swyftopportunity" parentDisplayName="Swyft Opportunity" solution="Active" />
        <Dependent key="14" type="60" displayName="QF - Case Management" parentDisplayName="Swyft Opportunity" id="{7e73883d-a184-4a9a-b6e9-056f9d126349}" />
      </MissingDependency>
      <MissingDependency>
        <Required key="38" type="10" schemaName="sp_account_sp_projectcoordination_BERName" displayName="sp_account_sp_projectcoordination_BERName" parentSchemaName="account" parentDisplayName="Account" solution="Active" />
        <Dependent key="3" type="60" displayName="QF - Case Management" parentDisplayName="Project Co-Ordination" id="{c7695665-249d-41ae-9984-ecfa7c096039}" />
      </MissingDependency>
      <MissingDependency>
        <Required key="39" type="10" schemaName="sp_account_sp_projectcoordination_Assessor" displayName="sp_account_sp_projectcoordination_Assessor" parentSchemaName="account" parentDisplayName="Account" solution="Active" />
        <Dependent key="3" type="60" displayName="QF - Case Management" parentDisplayName="Project Co-Ordination" id="{c7695665-249d-41ae-9984-ecfa7c096039}" />
      </MissingDependency>
      <MissingDependency>
        <Required key="40" type="10" schemaName="sp_account_sp_swyftopportunity_Assessor" displayName="sp_account_sp_swyftopportunity_Assessor" parentSchemaName="account" parentDisplayName="Account" solution="Active" />
        <Dependent key="14" type="60" displayName="QF - Case Management" parentDisplayName="Swyft Opportunity" id="{7e73883d-a184-4a9a-b6e9-056f9d126349}" />
      </MissingDependency>
      <MissingDependency>
        <Required key="41" type="10" schemaName="sp_contact_sp_projectcoordination_CustomerContact" displayName="sp_contact_sp_projectcoordination_CustomerContact" parentSchemaName="contact" parentDisplayName="Contact" solution="Active" />
        <Dependent key="3" type="60" displayName="QF - Case Management" parentDisplayName="Project Co-Ordination" id="{c7695665-249d-41ae-9984-ecfa7c096039}" />
      </MissingDependency>
      <MissingDependency>
        <Required key="42" type="61" schemaName="sp_ProjectCoordination32px.png" displayName="sp_ProjectCoordination32px.png" solution="Active" />
        <Dependent key="0" type="1" schemaName="sp_projectcoordination" displayName="Project Co-Ordination" />
      </MissingDependency>
      <MissingDependency>
        <Required key="43" type="61" schemaName="sp_ProjectCoordination16px.png" displayName="sp_ProjectCoordination16px.png" solution="Active" />
        <Dependent key="0" type="1" schemaName="sp_projectcoordination" displayName="Project Co-Ordination" />
      </MissingDependency>
      <MissingDependency>
        <Required key="44" type="61" schemaName="sp_ProjectCoordination.svg" displayName="sp_ProjectCoordination.svg" solution="Active" />
        <Dependent key="0" type="1" schemaName="sp_projectcoordination" displayName="Project Co-Ordination" />
      </MissingDependency>
      <MissingDependency>
        <Required key="45" type="61" schemaName="sp_opportunity.svg" displayName="sp_opportunity.svg" solution="Active" />
        <Dependent key="1" type="1" schemaName="sp_swyftopportunity" displayName="Swyft Opportunity" />
      </MissingDependency>
      <MissingDependency>
        <Required key="46" type="61" schemaName="sp_opportunity16.png" displayName="sp_opportunity16.png" solution="Active" />
        <Dependent key="1" type="1" schemaName="sp_swyftopportunity" displayName="Swyft Opportunity" />
      </MissingDependency>
      <MissingDependency>
        <Required key="47" type="61" schemaName="sp_opportunity32.png" displayName="sp_opportunity32.png" solution="Active" />
        <Dependent key="1" type="1" schemaName="sp_swyftopportunity" displayName="Swyft Opportunity" />
      </MissingDependency>
    </MissingDependencies>
  </SolutionManifest>
</ImportExportXml>